City_ID,City,Country,Lat,Lng,Max Temp,Humidity,Cloudiness,Wind Speed,Current Description
0,Houston,US,29.7633,-95.3633,58.33,49,0,5.99,clear sky
1,Ilulissat,GL,69.2167,-51.1,26.62,74,100,2.3,overcast clouds
2,Riyadh,SA,24.6877,46.7219,78.94,28,0,9.91,clear sky
3,Esperance,AU,-33.8667,121.9,55.87,65,100,7.27,overcast clouds
4,Yellowknife,CA,62.456,-114.3525,27.12,100,75,3.44,broken clouds
5,Atuona,PF,-9.8,-139.0333,77.56,76,2,19.04,clear sky
6,Sinnar,SD,13.5691,33.5672,83.1,25,16,10.07,few clouds
7,Korla,CN,41.7597,86.1469,35.78,50,0,2.86,clear sky
8,Cabo San Lucas,MX,22.8909,-109.9124,81.18,64,43,5.99,scattered clouds
9,Georgetown,MY,5.4112,100.3354,81.23,90,20,0.0,light rain
10,Clyde River,CA,70.4692,-68.5914,-6.84,96,77,6.04,broken clouds
11,Thompson,CA,55.7435,-97.8558,15.98,81,61,6.91,broken clouds
12,Bambous Virieux,MU,-20.3428,57.7575,72.21,69,1,3.91,clear sky
13,Ola,RU,59.5833,151.2833,1.6,93,56,8.23,broken clouds
14,San Policarpo,PH,12.1791,125.5072,81.48,83,64,12.73,broken clouds
15,Harper,LR,4.375,-7.7169,79.66,80,92,7.27,overcast clouds
16,Mataura,NZ,-46.1927,168.8643,42.57,98,68,3.71,broken clouds
17,Kavieng,PG,-2.5744,150.7967,82.89,74,100,15.93,overcast clouds
18,Palimbang,PH,6.2106,124.1894,78.6,85,80,3.29,broken clouds
19,Castro,BR,-24.7911,-50.0119,78.69,55,52,10.2,broken clouds
20,Kavaratti,IN,10.5669,72.642,80.26,77,100,1.72,overcast clouds
21,Hithadhoo,MV,-0.6,73.0833,81.63,75,96,12.24,overcast clouds
22,New Norfolk,AU,-42.7826,147.0587,53.1,90,100,1.68,moderate rain
23,Cidreira,BR,-30.1811,-50.2056,68.4,94,100,12.88,overcast clouds
24,Terrak,NO,65.087,12.3715,42.67,78,99,5.08,overcast clouds
25,Westport,US,41.1415,-73.3579,52.47,66,100,8.99,overcast clouds
26,Port Elizabeth,ZA,-33.918,25.5701,64.09,83,0,10.67,clear sky
27,Port Alfred,ZA,-33.5906,26.891,62.19,77,3,5.99,clear sky
28,Mikhaylovka,RU,50.06,43.2379,45.79,69,61,20.31,broken clouds
29,Sibirskiy,RU,53.5777,83.7577,34.59,83,100,16.98,overcast clouds
30,Busselton,AU,-33.65,115.3333,48.96,80,0,10.18,clear sky
31,East London,ZA,-33.0153,27.9116,65.75,72,13,14.09,few clouds
32,Kahului,US,20.8947,-156.47,74.84,92,15,5.01,few clouds
33,Rapid Valley,US,44.0625,-103.1463,36.77,55,0,31.07,clear sky
34,Maba,CN,24.6841,113.5984,65.93,71,1,3.53,clear sky
35,Seddon,AU,-37.8068,144.8916,57.74,88,75,20.71,light rain
36,Ushuaia,AR,-54.8,-68.3,60.35,36,39,7.18,scattered clouds
37,Omboue,GA,-1.5746,9.2618,76.89,88,43,9.28,light rain
38,Royan,FR,45.6285,-1.0281,57.83,66,16,6.31,few clouds
39,Ailigandi,PA,9.2333,-78.0167,82.45,75,97,4.36,light rain
40,Amsterdam,NL,52.374,4.8897,51.89,82,0,4.61,clear sky
41,Port Hardy,CA,50.6996,-127.4199,43.48,87,65,1.99,broken clouds
42,Arlit,NE,18.7369,7.3853,79.57,13,9,13.69,clear sky
43,Pevek,RU,69.7008,170.3133,-16.42,96,41,5.32,scattered clouds
44,Bathsheba,BB,13.2167,-59.5167,82.47,75,34,15.93,scattered clouds
45,Rikitea,PF,-23.1203,-134.9692,74.57,88,91,16.33,overcast clouds
46,Beloha,MG,-25.1667,45.05,70.79,82,7,19.8,clear sky
47,Bredasdorp,ZA,-34.5322,20.0403,61.21,75,0,5.61,clear sky
48,Geraldton,AU,-28.7667,114.6,57.61,77,34,11.5,scattered clouds
49,Viedma,AR,-40.8135,-62.9967,69.49,48,100,4.45,light rain
50,Amahai,ID,-3.3333,128.9167,79.3,84,100,2.75,overcast clouds
51,Lasa,IT,46.6166,10.7002,42.03,90,25,4.52,scattered clouds
52,Castro-Urdiales,ES,43.3829,-3.2204,70.61,55,39,8.08,scattered clouds
53,Nouadhibou,MR,20.931,-17.0347,69.89,78,0,19.26,clear sky
54,Cape Town,ZA,-33.9258,18.4232,67.08,55,1,3.0,clear sky
55,Banda Aceh,ID,5.5577,95.3222,75.42,91,100,4.68,overcast clouds
56,Athmallik,IN,20.7219,84.5348,65.14,67,32,1.79,scattered clouds
57,Faya,SA,18.3851,42.4509,60.73,58,9,3.4,clear sky
58,Champerico,GT,14.3,-91.9167,82.62,71,78,5.99,broken clouds
59,Arraial Do Cabo,BR,-22.9661,-42.0278,75.61,78,45,7.9,scattered clouds
60,Hermanus,ZA,-34.4187,19.2345,61.81,83,0,2.84,clear sky
61,Ponta Do Sol,PT,32.6667,-17.1,73.71,82,54,3.89,broken clouds
62,Fort Nelson,CA,58.8053,-122.7002,27.97,80,75,1.66,broken clouds
63,Vardo,NO,70.3705,31.1107,30.18,80,37,9.22,scattered clouds
64,Victoria,HK,22.2855,114.1577,75.38,85,8,11.01,clear sky
65,Puerto Ayora,EC,-0.7393,-90.3518,72.55,81,77,5.99,broken clouds
66,Hilo,US,19.7297,-155.09,74.62,92,13,4.0,few clouds
67,Saskylakh,RU,71.9167,114.0833,-6.99,96,100,10.47,overcast clouds
68,Pingliang,CN,35.5392,106.6861,40.28,50,100,1.32,overcast clouds
69,Carnarvon,AU,-24.8667,113.6333,67.77,72,0,21.39,clear sky
70,Jamestown,US,42.097,-79.2353,38.79,78,100,12.66,light snow
71,Sayat,TM,38.7839,63.8803,47.46,52,38,9.31,scattered clouds
72,Cabra,ES,37.4725,-4.4421,61.66,55,9,1.72,clear sky
73,Narsaq,GL,60.9167,-46.05,44.82,66,99,18.01,overcast clouds
74,Iqaluit,CA,63.7506,-68.5145,13.95,90,98,3.87,overcast clouds
75,San Patricio,US,28.017,-97.5169,59.92,51,1,9.17,clear sky
76,Amursk,RU,50.2261,136.8994,17.65,92,6,4.36,clear sky
77,Leshukonskoye,RU,64.8989,45.7622,24.76,88,99,9.06,overcast clouds
78,Vlore,AL,40.4667,19.4897,60.58,67,100,6.11,overcast clouds
79,Albany,US,42.6001,-73.9662,48.36,66,93,1.01,overcast clouds
80,Berlevag,NO,70.8578,29.0864,35.6,80,20,12.66,few clouds
81,Haines Junction,CA,60.7522,-137.5108,24.22,97,90,4.7,overcast clouds
82,Saint George,US,37.1041,-113.5841,44.44,54,54,3.0,broken clouds
83,Lethem,GY,3.3803,-59.7968,88.16,61,92,1.34,overcast clouds
84,Kapaa,US,22.0752,-159.319,76.1,85,20,5.01,light rain
85,Bethel,US,41.3712,-73.414,52.02,65,100,5.01,overcast clouds
86,Ulladulla,AU,-35.35,150.4667,68.65,77,85,11.05,light rain
87,Sinnamary,GF,5.3833,-52.95,79.45,84,97,10.49,overcast clouds
88,Manyana,BW,-23.4,21.7167,75.58,35,0,10.07,clear sky
89,Pisco,PE,-13.7,-76.2167,66.02,79,95,8.48,overcast clouds
90,Yicheng,CN,31.3705,119.8703,54.82,65,97,5.75,overcast clouds
91,Salekhard,RU,66.53,66.6019,-0.85,92,100,9.8,overcast clouds
92,Bengkulu,ID,-3.8004,102.2655,73.87,96,100,3.27,light rain
93,Mezen,RU,65.8522,44.24,27.39,71,19,9.35,few clouds
94,Saint-Philippe,RE,-21.3585,55.7679,71.19,85,79,14.23,light rain
95,Tongchuan,CN,35.0806,109.0897,43.3,65,100,2.82,overcast clouds
96,Bogale,MM,16.2833,95.4,72.66,83,100,6.53,overcast clouds
97,Prieska,ZA,-29.6641,22.7474,73.45,20,0,2.73,clear sky
98,Zhezkazgan,KZ,47.8043,67.7144,34.88,55,100,27.07,snow
99,Vestmannaeyjar,IS,63.4427,-20.2734,49.19,93,100,42.57,moderate rain
100,Acari,PE,-15.4311,-74.6158,77.0,53,41,11.99,scattered clouds
101,Iranshahr,IR,27.2025,60.6848,70.23,35,0,1.66,clear sky
102,Pasighat,IN,28.0667,95.3333,62.67,69,0,3.27,clear sky
103,Turukhansk,RU,65.8167,87.9833,-6.18,73,23,13.47,few clouds
104,Chapais,CA,49.7834,-74.8492,22.78,81,100,6.46,overcast clouds
105,Fare,PF,-16.7,-151.0167,74.43,78,100,3.53,light rain
106,Beyneu,KZ,45.3167,55.2,45.79,85,100,24.83,overcast clouds
107,Punta Arenas,CL,-53.15,-70.9167,57.69,49,45,14.14,scattered clouds
108,Codrington,AU,-38.2667,141.9667,51.87,95,100,11.52,overcast clouds
109,Praya,CV,14.9215,-23.5087,79.34,69,75,18.41,broken clouds
110,Meiktila,MM,20.8667,95.8667,70.23,73,5,6.22,clear sky
111,Roma,US,43.2128,-75.4557,42.96,81,100,9.22,overcast clouds
112,Santarem,BR,-2.4431,-54.7083,89.73,70,20,14.97,few clouds
113,Sao Joao Da Barra,BR,-21.6403,-41.0511,86.09,82,51,17.11,broken clouds
114,Parana,AR,-31.732,-60.5238,71.55,85,99,14.83,overcast clouds
115,Oudtshoorn,ZA,-33.5907,22.2014,62.06,65,34,7.61,scattered clouds
116,Bluff,NZ,-46.6,168.3333,45.9,88,48,8.86,scattered clouds
117,Newark,US,40.7357,-74.1724,54.36,57,75,21.85,broken clouds
118,Malinovskiy,RU,61.1953,62.8397,12.33,93,100,9.06,overcast clouds
119,Grahamstown,ZA,-33.3042,26.5328,55.96,90,6,5.5,clear sky
120,Kabalo,CD,-6.05,26.9167,66.92,97,95,1.34,overcast clouds
121,Tasiilaq,GL,65.6145,-37.6368,44.76,58,100,28.19,overcast clouds
122,Itupiranga,BR,-5.1347,-49.3267,93.52,53,40,1.34,scattered clouds
123,Vaini,TO,-21.2,-175.2,75.25,89,100,20.89,moderate rain
124,Portland,US,45.5234,-122.6762,41.94,87,100,3.0,mist
125,Ust-Tsilma,RU,65.441,52.1498,14.67,93,100,7.65,overcast clouds
126,Namtsy,RU,62.7161,129.6658,-25.87,100,17,3.91,few clouds
127,Axim,GH,4.8699,-2.2405,78.93,82,98,5.61,light rain
128,Tura,IN,25.5198,90.2201,62.37,86,0,4.32,clear sky
129,Vao,NC,-22.6667,167.4833,73.62,83,60,16.31,broken clouds
130,Leua,SK,48.2156,18.6071,47.5,81,4,4.43,clear sky
131,Butaritari,KI,3.0707,172.7902,79.47,74,100,12.93,overcast clouds
132,Hobart,AU,-42.8794,147.3294,53.46,96,40,4.61,light rain
133,Buraydah,SA,26.326,43.975,71.64,35,0,11.5,clear sky
134,Talakan,RU,50.3167,130.3667,12.09,94,96,2.64,overcast clouds
135,Asau,RO,46.4333,26.4,38.32,60,15,2.24,few clouds
136,Farum,DK,55.8086,12.3607,51.46,96,100,5.61,overcast clouds
137,Capreol,CA,46.706,-80.9225,26.55,48,92,10.11,overcast clouds
138,Wuwei,CN,37.9281,102.6414,33.78,57,81,1.83,broken clouds
139,Bismarck,US,46.8083,-100.7837,13.06,88,100,5.75,overcast clouds
140,Semenivka,UA,52.1783,32.5818,42.75,76,47,11.36,scattered clouds
141,Svetlyy,RU,54.675,20.1347,50.05,90,81,4.12,broken clouds
142,Kodiak,US,57.79,-152.4072,36.19,97,100,9.46,moderate rain
143,Imbituva,BR,-25.23,-50.6044,73.0,68,80,4.18,moderate rain
144,Cherskiy,RU,68.75,161.3,-23.21,95,90,4.34,overcast clouds
145,Wenatchee,US,47.4235,-120.3103,36.25,83,0,3.44,clear sky
146,Barrow,US,71.2906,-156.7887,21.22,68,100,14.97,overcast clouds
147,Carmen,MX,18.6333,-91.8333,82.44,65,20,0.0,few clouds
148,Nikolskoye,RU,59.7035,30.7861,42.69,74,100,7.43,overcast clouds
149,Thinadhoo,MV,0.5333,72.9333,82.06,73,93,14.27,overcast clouds
150,Pirapora,BR,-17.345,-44.9419,84.11,49,98,3.06,overcast clouds
151,Afyonkarahisar,TR,38.75,30.6667,45.68,48,0,3.36,clear sky
152,San Cristobal,VE,7.7669,-72.225,77.18,72,82,1.05,broken clouds
153,Neuquen,AR,-38.9516,-68.0591,71.49,43,20,10.36,few clouds
154,Kulu,TR,39.0951,33.0799,48.06,46,2,5.14,clear sky
155,Shingu,JP,33.7333,135.9833,56.55,86,55,6.62,broken clouds
156,Ekhabi,RU,53.5102,142.9671,11.08,90,35,4.83,scattered clouds
157,Tondano,ID,1.3038,124.9112,68.09,92,93,0.92,overcast clouds
158,Severo-Kurilsk,RU,50.6789,156.125,31.5,76,100,13.82,light snow
159,Mar Del Plata,AR,-38.0023,-57.5575,68.02,91,75,11.99,moderate rain
160,Krasnoselkup,RU,65.7,82.4667,-13.52,87,5,10.04,clear sky
161,Dubai,AE,25.2582,55.3047,85.93,62,0,9.22,clear sky
162,Canyon,US,34.9803,-101.9188,50.79,43,2,22.88,clear sky
163,Saint Anthony,US,45.0205,-93.218,29.25,57,100,4.61,overcast clouds
164,Flinders,AU,-34.5833,150.8552,67.17,92,97,5.01,light rain
165,Caala,AO,-12.8525,15.5606,68.97,42,47,6.6,scattered clouds
166,Langham,CA,52.3668,-106.9679,13.84,94,94,3.69,overcast clouds
167,Nanortalik,GL,60.1432,-45.2371,39.81,66,100,27.34,light rain
168,Cockburn Town,TC,21.4612,-71.1419,82.36,69,40,9.22,scattered clouds
169,Soe,ID,-9.8607,124.284,68.23,91,100,2.86,overcast clouds
170,Provideniya,RU,64.3833,-173.3,12.56,64,2,5.1,clear sky
171,Sorong,ID,-0.8833,131.25,80.29,81,100,4.65,overcast clouds
172,Superior,US,46.7208,-92.1041,31.48,52,75,4.61,broken clouds
173,Faanui,PF,-16.4833,-151.75,74.1,78,100,4.72,overcast clouds
174,Isangel,VU,-19.55,169.2667,76.87,84,7,6.67,light rain
175,Broome,US,42.2506,-75.833,43.63,70,100,10.36,overcast clouds
176,Krasnomayskiy,RU,57.6194,34.4099,39.07,70,100,12.01,overcast clouds
177,Humaita,BR,-7.5061,-63.0208,90.95,48,66,3.74,broken clouds
178,Tuktoyaktuk,CA,69.4541,-133.0374,11.32,95,84,6.04,broken clouds
179,Tahe,CN,52.3333,124.7333,11.7,97,86,2.19,overcast clouds
180,Jibuti,DJ,11.5,42.5,74.59,64,0,13.8,clear sky
181,Qaanaaq,GL,77.484,-69.3632,2.41,95,100,3.13,overcast clouds
182,Bilovec,CZ,49.7564,18.0158,48.09,92,0,4.61,clear sky
183,Fortuna,US,40.5982,-124.1573,50.94,93,0,9.22,clear sky
184,Oussouye,SN,12.485,-16.5469,84.24,51,51,9.44,broken clouds
185,Cayenne,GF,4.9333,-52.3333,82.44,83,40,8.05,moderate rain
186,Souillac,MU,-20.5167,57.5167,73.36,70,0,4.0,clear sky
187,Kuandian,CN,40.7286,124.7847,30.79,57,28,3.49,scattered clouds
188,Diffa,NE,13.3154,12.6113,79.63,17,30,8.48,scattered clouds
189,Lazaro Cardenas,MX,17.9583,-102.2,84.65,66,34,5.73,scattered clouds
190,Balkhash,KZ,46.844,74.9804,38.32,76,2,10.09,clear sky
191,Lagoa,PT,39.05,-27.9833,62.19,70,100,22.5,overcast clouds
192,Pangnirtung,CA,66.1451,-65.7125,6.39,68,100,4.18,overcast clouds
193,Te Anau,NZ,-45.4167,167.7167,45.77,94,52,1.61,broken clouds
194,Longyearbyen,SJ,78.2186,15.6401,28.24,74,75,14.97,broken clouds
195,Dowa,MW,-13.654,33.9375,72.61,44,89,2.19,overcast clouds
196,Knysna,ZA,-34.0363,23.0471,59.45,83,0,3.33,clear sky
197,Pelym,RU,61.0108,61.9978,13.68,93,100,9.42,overcast clouds
198,Mahebourg,MU,-20.4081,57.7,72.25,69,2,3.67,clear sky
199,Acapulco,MX,16.8634,-99.8901,87.62,58,0,8.05,light rain
200,Taldan,RU,53.6667,124.8,9.82,98,96,2.3,overcast clouds
201,Shimoda,JP,34.6667,138.95,61.11,84,69,4.47,broken clouds
202,Vincennes,FR,48.85,2.4333,51.37,94,75,5.75,mist
203,Bejar,ES,40.3864,-5.7634,54.57,83,69,4.41,broken clouds
204,Komsomolskiy,UZ,40.4272,71.7189,41.72,81,94,4.61,mist
205,Broken Hill,AU,-31.95,141.4333,55.06,70,2,20.47,clear sky
206,Hirado,JP,33.3597,129.5531,60.39,73,92,25.59,overcast clouds
207,Lebu,CL,-37.6167,-73.65,59.18,77,80,13.38,broken clouds
208,Okhotsk,RU,59.3833,143.3,6.73,80,92,8.81,overcast clouds
209,Paso De Los Toros,UY,-32.8167,-56.5167,78.53,66,100,8.21,light rain
210,Kilimatinde,TZ,-5.85,34.95,82.58,34,91,5.59,overcast clouds
211,Iquitos,PE,-3.7481,-73.2472,95.04,63,75,5.75,broken clouds
212,Kiruna,SE,67.8557,20.2251,31.12,86,0,5.75,clear sky
213,Biak,ID,-0.9131,122.8766,77.4,82,98,1.72,overcast clouds
214,Nagato,JP,34.3833,131.2,57.79,68,84,19.95,broken clouds
215,Jinzhou,CN,41.1078,121.1417,33.15,57,45,3.85,scattered clouds
216,Bardsir,IR,29.9227,56.5743,48.99,73,59,1.74,broken clouds
217,Norman Wells,CA,65.282,-126.8329,12.33,92,51,2.89,broken clouds
218,Baoro,CF,5.6667,15.9667,75.63,56,74,4.9,broken clouds
219,Rawson,AR,-43.3002,-65.1023,71.46,38,100,12.41,overcast clouds
220,Richards Bay,ZA,-28.783,32.0377,70.39,83,100,16.42,light rain
221,Muli,MV,2.9167,73.5667,80.91,76,88,14.09,moderate rain
222,Ugoofaaru,MV,5.6667,73.0,81.52,73,65,8.12,broken clouds
223,Grenville,GD,12.1167,-61.6167,81.68,80,91,13.51,overcast clouds
224,Loiza,PR,18.4313,-65.8802,87.82,68,40,14.97,scattered clouds
225,Beboto,TD,8.2668,16.939,79.16,34,1,2.59,clear sky
226,Zhuanghe,CN,39.7008,122.9911,33.55,57,96,5.55,overcast clouds
227,Paine,CL,-33.8167,-70.75,78.08,18,44,7.47,scattered clouds
228,Katsuura,JP,35.1333,140.3,64.42,71,49,18.25,scattered clouds
229,Sabang,ID,5.8933,95.3214,77.22,86,100,8.03,overcast clouds
230,Kirakira,SB,-10.4544,161.9205,78.69,83,71,2.53,broken clouds
231,Barcelos,PT,41.5388,-8.6151,61.92,90,100,12.97,overcast clouds
232,Gorahun,SL,7.4661,-11.2375,74.93,93,92,3.27,light rain
233,Pueblo,US,38.2545,-104.6091,58.41,22,0,3.44,clear sky
234,Safaga,EG,26.7292,33.9365,76.19,54,0,10.29,clear sky
235,Mayor Pablo Lagerenza,PY,-19.9309,-60.7718,106.88,20,66,15.21,broken clouds
236,Volchanets,RU,42.9131,132.7469,30.09,69,2,5.48,clear sky
237,Ati,TD,13.2154,18.3353,86.63,19,4,10.02,clear sky
238,Grand Gaube,MU,-20.0064,57.6608,72.37,69,52,1.99,broken clouds
239,Lincoln,US,40.8,-96.667,36.18,60,0,11.5,clear sky
240,Inhambane,MZ,-23.865,35.3833,79.14,82,71,8.5,broken clouds
241,Vila Velha,BR,-20.3297,-40.2925,84.15,77,20,20.71,few clouds
242,Donduseni,MD,48.2427,27.6101,44.64,89,17,6.29,few clouds
243,Pacific Grove,US,36.6177,-121.9166,57.54,64,0,4.61,clear sky
244,Kushima,JP,31.4583,131.2333,58.66,85,2,7.7,clear sky
245,Torit,SS,4.4133,32.5678,75.92,68,96,2.66,light rain
246,Dongzhen,CN,22.3797,110.9389,73.2,81,13,1.21,few clouds
247,Lodwar,KE,3.1191,35.5973,89.38,34,100,15.05,overcast clouds
248,Port-Gentil,GA,-0.7193,8.7815,80.56,83,75,14.97,thunderstorm
249,Chokurdakh,RU,70.6333,147.9167,-31.74,100,78,5.12,broken clouds
250,Gazanjyk,TM,39.2446,55.5154,53.67,77,17,11.32,few clouds
251,Olonets,RU,60.9847,32.9698,34.34,79,77,6.73,broken clouds
252,Sola,VU,-13.8833,167.55,80.17,75,64,2.51,broken clouds
253,Olhao,PT,37.0286,-7.8411,66.09,85,0,4.61,clear sky
254,Da Lat,VN,11.9465,108.4419,59.52,97,70,3.11,broken clouds
255,Upernavik,GL,72.7868,-56.1549,23.4,65,72,3.56,broken clouds
256,Miyako,JP,39.6367,141.9525,46.96,66,35,14.14,scattered clouds
257,Dale,US,38.1689,-86.99,40.05,65,100,4.61,overcast clouds
258,Cancun,MX,21.1743,-86.8466,86.05,58,40,8.05,scattered clouds
259,Port Blair,IN,11.6667,92.75,79.48,82,82,9.26,broken clouds
260,Olafsvik,IS,64.8945,-23.7142,48.43,75,100,30.42,overcast clouds
261,San Quintin,MX,30.4833,-115.95,62.65,59,15,15.9,few clouds
262,Vila Franca Do Campo,PT,37.7167,-25.4333,64.2,71,100,6.76,overcast clouds
263,Kaitangata,NZ,-46.2817,169.8464,48.09,83,86,8.79,overcast clouds
264,Nema,RU,57.5067,50.5011,37.15,96,100,13.09,overcast clouds
265,Mpika,ZM,-11.8343,31.4529,63.64,87,98,3.24,light rain
266,Antalaha,MG,-14.9003,50.2788,71.46,87,4,6.26,clear sky
267,Marrakesh,MA,31.6315,-8.0083,82.47,18,40,4.61,scattered clouds
268,Port Lincoln,AU,-34.7333,135.8667,55.54,63,100,25.03,overcast clouds
269,Ostrovnoy,RU,68.0531,39.5131,35.15,63,100,17.9,light snow
270,Saldanha,ZA,-33.0117,17.9442,61.79,82,0,12.86,clear sky
271,Guerrero Negro,MX,27.9769,-114.0611,67.15,51,13,13.78,few clouds
272,Gore,NZ,-46.1028,168.9436,42.66,99,69,3.4,broken clouds
273,Avarua,CK,-21.2078,-159.775,71.65,68,40,9.22,scattered clouds
274,Puerto Escondido,MX,15.85,-97.0667,86.83,54,20,6.91,few clouds
275,Rocha,UY,-34.4833,-54.3333,72.36,79,100,12.57,heavy intensity rain
276,Loandjili,CG,-4.7561,11.8578,78.08,74,18,10.09,few clouds
277,Alice Springs,AU,-23.7,133.8833,62.15,39,0,8.05,clear sky
278,Dikson,RU,73.5069,80.5464,-7.29,100,78,7.78,broken clouds
279,Boulder City,US,35.9786,-114.8325,55.78,28,75,17.27,broken clouds
280,Betioky,MG,-23.7167,44.3833,77.54,74,64,7.31,light rain
281,Margate,GB,51.3813,1.3862,56.3,88,70,4.0,broken clouds
282,Maniitsoq,GL,65.4167,-52.9,31.48,67,100,20.85,overcast clouds
283,Kawhia,NZ,-38.0651,174.8183,55.02,91,22,3.18,few clouds
284,Yongchang,CN,30.0381,119.7317,59.58,77,99,2.86,overcast clouds
285,Ballina,AU,-28.8667,153.5667,71.78,87,99,14.05,light rain
286,Ambon,ID,-3.6954,128.1814,78.24,15,20,5.75,few clouds
287,East Grand Rapids,US,42.9411,-85.61,37.47,69,100,6.91,overcast clouds
288,Constitucion,CL,-35.3333,-72.4167,62.11,64,75,7.78,broken clouds
289,Karpathos,GR,35.507,27.2132,64.36,82,20,19.57,few clouds
290,Pundaguitan,PH,6.3711,126.1689,82.35,77,39,12.01,scattered clouds
291,Pitimbu,BR,-7.4706,-34.8086,84.79,69,40,10.33,scattered clouds
292,Ustka,PL,54.5805,16.8619,50.65,85,100,6.73,overcast clouds
293,Bulolo,PG,-7.2,146.65,71.02,95,88,0.56,light rain
294,Sampit,ID,-2.5333,112.95,75.47,98,100,2.75,moderate rain
295,Karratha,AU,-20.7377,116.8463,76.21,44,0,4.92,light rain
296,Avera,US,33.194,-82.5271,54.55,38,68,9.4,broken clouds
297,Hasaki,JP,35.7333,140.8333,58.21,65,41,24.34,scattered clouds
298,Tamandare,BR,-8.7597,-35.1047,81.77,70,44,9.62,scattered clouds
299,Los Llanos De Aridane,ES,28.6585,-17.9182,72.12,74,20,8.05,few clouds
300,Chuy,UY,-33.6971,-53.4616,71.1,82,100,13.29,light rain
301,Mehamn,NO,71.0357,27.8492,35.55,87,40,10.36,scattered clouds
302,Khani,GE,41.9563,42.9566,44.17,93,90,2.8,overcast clouds
303,Leningradskiy,RU,69.3833,178.4167,-8.37,98,99,3.69,overcast clouds
304,Boyolangu,ID,-8.1181,111.8935,75.7,95,100,0.29,overcast clouds
305,Quelimane,MZ,-17.8786,36.8883,78.73,80,10,7.0,clear sky
306,Blackfoot,US,43.1905,-112.345,24.89,86,36,2.01,scattered clouds
307,Preobrazheniye,RU,42.9019,133.9064,29.75,67,2,4.76,clear sky
308,Sept-Iles,CA,50.2001,-66.3821,27.12,88,100,10.36,light snow
309,Kieta,PG,-6.2167,155.6333,79.48,84,62,4.21,light rain
310,Christchurch,NZ,-43.5333,172.6333,56.91,86,100,5.75,overcast clouds
311,Santa Rosa,PH,14.3122,121.1114,80.11,86,92,8.97,overcast clouds
312,Sorland,NO,67.667,12.6934,46.26,81,79,13.44,broken clouds
313,Kushiro,JP,42.975,144.3747,39.99,72,73,27.78,broken clouds
314,Ribeira Grande,PT,38.5167,-28.7,64.8,63,40,17.27,scattered clouds
315,Havre-Saint-Pierre,CA,50.2334,-63.5986,25.16,86,100,11.5,light snow
316,Katubao,PH,5.8892,124.8294,80.38,80,90,3.87,overcast clouds
317,Tuatapere,NZ,-46.1333,167.6833,46.13,96,74,4.5,broken clouds
318,Sao Filipe,CV,14.8961,-24.4956,77.4,74,79,9.42,broken clouds
319,Aklavik,CA,68.2191,-135.0107,1.63,95,96,3.04,overcast clouds
320,Salalah,OM,17.0151,54.0924,80.69,74,40,3.44,scattered clouds
321,Atar,MR,20.5169,-13.0499,86.38,8,1,9.1,clear sky
322,Khatanga,RU,71.9667,102.5,-25.01,99,100,6.89,overcast clouds
323,Zverinogolovskoye,RU,54.4586,64.8542,35.82,98,100,16.64,light rain
324,Palmer,US,42.1584,-72.3287,49.51,80,75,4.61,broken clouds
325,Partyzany,UA,46.3314,34.7503,46.62,86,9,8.95,clear sky
326,Sitka,US,57.0531,-135.33,48.09,87,100,12.66,light rain
327,Saint-Augustin,CA,51.226,-58.6502,29.68,54,100,4.63,overcast clouds
328,Darhan,MN,49.4867,105.9228,21.69,54,11,4.36,few clouds
329,Arifwala,PK,30.294,73.0735,70.95,31,77,7.76,broken clouds
330,Nova Odesa,UA,47.3078,31.7851,46.47,86,10,7.38,clear sky
331,Rakitovo,BG,41.9833,24.0833,43.43,82,6,2.68,clear sky
332,Ilhabela,BR,-23.7781,-45.3581,75.45,81,42,5.64,scattered clouds
333,Tawau,MY,4.2498,117.8871,78.03,87,86,4.81,overcast clouds
334,Point Pedro,LK,9.8167,80.2333,79.16,84,94,9.44,overcast clouds
335,Baykit,RU,61.67,96.37,3.04,95,100,7.83,light snow
336,Susanville,US,40.4163,-120.653,34.12,72,52,4.52,broken clouds
337,Tiksi,RU,71.6872,128.8694,-14.84,99,100,4.56,overcast clouds
338,Lucan,IE,53.3592,-6.4389,60.58,86,75,14.97,broken clouds
339,Port Hedland,AU,-20.3167,118.5667,69.85,88,40,0.0,scattered clouds
340,Panguna,PG,-6.3164,155.4848,68.56,97,65,2.28,broken clouds
341,Martapura,ID,-3.4167,114.85,77.09,100,100,2.3,light rain
342,Springbok,ZA,-29.6643,17.8865,60.53,52,1,7.02,clear sky
343,Tahta,EG,26.7693,31.5021,71.44,37,0,6.93,clear sky
344,Hambantota,LK,6.1241,81.1185,77.49,85,100,0.96,overcast clouds
345,Show Low,US,34.2542,-110.0298,51.01,37,0,26.46,clear sky
346,Caluquembe,AO,-13.7833,14.6833,68.47,32,69,8.5,broken clouds
347,Arenys De Mar,ES,41.5819,2.5494,65.59,87,92,1.39,overcast clouds
348,Aksarka,RU,66.5606,67.7975,-1.59,92,100,7.02,overcast clouds
349,Buala,SB,-8.145,159.5921,78.82,78,45,4.47,scattered clouds
350,Homer,US,59.6425,-151.5483,39.09,78,100,10.36,light rain
351,Sur,OM,22.5667,59.5289,79.57,50,2,7.47,clear sky
352,Sovetskiy,RU,61.3614,63.5842,10.74,95,100,9.01,overcast clouds
353,Pangai,TO,-19.8,-174.35,76.96,84,100,19.57,moderate rain
354,Alice,US,27.7523,-98.0697,57.54,44,100,9.22,overcast clouds
355,Taiyuan,CN,37.8694,112.5603,31.86,86,0,2.24,clear sky
356,Talnakh,RU,69.4865,88.3972,-23.46,85,73,5.21,broken clouds
357,Naryan-Mar,RU,67.6713,53.087,20.57,87,89,17.63,overcast clouds
358,Keti Bandar,PK,24.1447,67.4497,79.38,70,0,10.67,clear sky
359,Kibala,TD,9.1104,18.3463,82.44,27,2,5.03,clear sky
360,Nalut,LY,30.3333,10.85,64.62,34,1,6.13,clear sky
361,Huarmey,PE,-10.0681,-78.1522,69.39,71,78,9.6,broken clouds
362,Novyy Urengoy,RU,66.0833,76.6333,-12.33,90,32,9.01,scattered clouds
363,Kruisfontein,ZA,-34.0033,24.7314,60.89,86,0,6.87,clear sky
364,Coquimbo,CL,-29.9533,-71.3436,67.73,55,0,14.97,clear sky
365,Manuk Mangkaw,PH,4.8,119.85,82.81,76,90,6.38,overcast clouds
366,Praia Da Vitoria,PT,38.7333,-27.0667,62.76,79,100,10.56,overcast clouds
367,Opuwo,NA,-18.0607,13.84,76.08,12,33,10.02,scattered clouds
368,Foso,GH,5.7012,-1.2866,74.68,94,100,3.98,overcast clouds
369,Fairbanks,US,64.8378,-147.7164,19.74,86,0,4.61,clear sky
370,Aksarayskiy,RU,46.7924,48.0119,48.27,65,68,23.38,broken clouds
371,Nelson Bay,AU,-32.7167,152.15,70.09,97,100,11.01,moderate rain
372,Procida,IT,40.7569,14.0144,63.61,74,66,5.99,broken clouds
373,Mongo,TD,12.1844,18.693,85.06,22,17,3.65,few clouds
374,Dunedin,NZ,-45.8742,170.5036,48.79,76,100,4.0,overcast clouds
375,Awjilah,LY,29.1081,21.2869,67.17,39,54,7.81,broken clouds
376,Valleyview,CA,55.0667,-117.2859,19.44,79,69,10.36,broken clouds
377,Labuhan,ID,-6.8844,112.2051,80.06,84,97,4.7,light rain
378,Stornoway,GB,58.2093,-6.3865,58.96,77,97,13.8,overcast clouds
379,Matara,LK,5.9485,80.5353,75.83,91,100,4.7,moderate rain
380,Felipe Carrillo Puerto,MX,19.5833,-88.05,89.47,45,4,3.69,clear sky
381,Grand-Santi,GF,4.25,-54.3833,84.13,68,74,1.92,broken clouds
382,Kununurra,AU,-15.7667,128.7333,82.38,78,40,9.22,scattered clouds
383,Wanning,CN,18.8003,110.3967,76.84,87,90,5.88,overcast clouds
384,Upington,ZA,-28.4478,21.2561,73.78,21,0,3.44,clear sky
385,Meulaboh,ID,4.1363,96.1285,74.01,95,100,4.03,overcast clouds
386,Ahipara,NZ,-35.1667,173.1667,56.68,90,11,7.05,few clouds
387,Gao,ML,16.6362,1.637,84.51,16,0,11.16,clear sky
388,Carutapera,BR,-1.195,-46.02,85.77,62,58,9.53,broken clouds
389,Luderitz,NA,-26.6481,15.1594,63.63,74,0,22.88,clear sky
390,Tual,ID,-5.6667,132.75,83.77,74,100,8.84,overcast clouds
391,Padang,ID,-0.9492,100.3543,75.72,92,100,2.51,moderate rain
392,Santiago Del Estero,AR,-27.7951,-64.2615,67.68,74,100,12.26,overcast clouds
393,Oranjemund,NA,-28.55,16.4333,62.04,81,7,17.52,clear sky
394,Khandagayty,RU,50.7333,92.05,14.16,94,100,3.56,overcast clouds
395,Autun,FR,46.95,4.3,44.91,78,33,0.89,scattered clouds
396,Prince Rupert,CA,54.3161,-130.3201,46.09,84,92,21.85,overcast clouds
397,Torbay,CA,47.6666,-52.7314,37.58,88,75,11.5,shower rain
398,Oum Hadjer,TD,13.2954,19.6966,86.76,20,3,6.22,clear sky
399,Sioux Lookout,CA,50.1001,-91.917,21.83,75,96,3.91,overcast clouds
400,Emerald,AU,-23.5333,148.1667,69.35,76,99,10.04,overcast clouds
401,Lukovetskiy,RU,64.2956,41.9211,25.83,83,46,8.05,scattered clouds
402,Nurmijarvi,FI,60.4641,24.8073,39.54,91,0,3.44,clear sky
403,Noumea,NC,-22.2763,166.4572,75.99,99,86,8.79,overcast clouds
404,Tutoia,BR,-2.7619,-42.2744,84.38,67,22,12.46,few clouds
405,Dangriga,BZ,16.9692,-88.2321,82.33,67,25,7.58,light rain
406,Taguatinga,BR,-12.3857,-46.5711,90.61,40,58,2.39,broken clouds
407,Lompoc,US,34.6391,-120.4579,62.53,56,0,16.11,clear sky
408,Kilindoni,TZ,-7.9139,39.6668,78.57,77,3,16.13,clear sky
409,Miandrivazo,MG,-19.5167,45.4667,78.94,77,42,6.17,moderate rain
410,Kamina,CD,-8.7386,24.9906,65.28,95,92,3.65,overcast clouds
411,Lobito,AO,-12.3481,13.5456,74.7,71,19,9.33,few clouds
412,Emporia,US,38.4039,-96.1817,39.51,52,0,13.8,clear sky
413,Chongwe,ZM,-15.3292,28.682,72.14,66,64,2.42,broken clouds
414,Erenhot,CN,43.6475,111.9767,25.81,61,1,9.91,clear sky
415,Kashan,IR,33.9831,51.4364,57.52,49,0,2.86,clear sky
416,Bemidji,US,47.4736,-94.8803,26.06,75,100,0.0,overcast clouds
417,Hanna,CA,51.6334,-111.9018,19.2,97,100,5.77,overcast clouds
418,Alyangula,AU,-13.8483,136.4192,82.85,75,6,4.85,clear sky
419,Ketchikan,US,55.3422,-131.6461,42.58,97,100,6.4,overcast clouds
420,Hamilton,US,39.1834,-84.5333,38.1,73,100,9.22,overcast clouds
421,Port Augusta,AU,-32.5,137.7667,58.46,68,74,20.96,broken clouds
422,Pontianak,ID,-0.0333,109.3333,76.98,100,100,2.3,light rain
423,Aras,ES,42.5617,-2.356,55.83,76,0,0.0,clear sky
424,Anshun,CN,26.25,105.9333,56.86,90,71,4.74,broken clouds
425,Missoula,US,47.0166,-113.8009,12.6,90,99,2.39,overcast clouds
426,Bichura,RU,50.5881,107.6022,13.75,84,13,2.37,few clouds
427,Hutchinson,US,38.0608,-97.9298,42.75,50,0,20.71,clear sky
428,Severnoye,RU,56.3491,78.3619,32.63,98,100,11.39,light snow
429,Sosua,DO,19.7667,-70.5167,91.38,70,40,13.8,scattered clouds
430,Jonkoping,SE,57.7814,14.1562,55.38,100,100,2.3,fog
431,Reinsvoll,NO,60.6833,10.6167,36.25,95,19,0.96,few clouds
432,Caravelas,BR,-17.7125,-39.2481,83.48,61,64,11.03,broken clouds
433,Zemio,CF,5.0314,25.1361,74.26,58,12,3.04,few clouds
434,Lima,PE,-12.0432,-77.0282,67.89,75,100,5.75,overcast clouds
435,Kashira,RU,54.8444,38.1669,39.92,72,95,20.18,overcast clouds
436,Jayuya,PR,18.2186,-66.5916,81.25,89,70,1.01,broken clouds
437,Nkwerre,NG,5.7556,7.1063,78.87,75,50,4.79,scattered clouds
438,Edd,ER,13.9297,41.6925,83.53,63,0,18.48,clear sky
439,Aktash,RU,50.3,87.7333,9.84,83,100,5.57,overcast clouds
440,Pawa,PH,13.1747,123.7328,77.83,89,99,4.97,overcast clouds
441,At-Bashi,KG,41.1702,75.8106,18.19,72,74,3.51,broken clouds
442,Necochea,AR,-38.5473,-58.7368,69.85,70,63,11.43,light rain
443,Ishigaki,JP,24.3448,124.1572,76.75,81,100,20.6,overcast clouds
444,Lakes Entrance,AU,-37.8811,147.981,59.16,91,99,4.38,overcast clouds
445,Shetpe,KZ,44.1667,52.1167,46.85,78,100,24.87,overcast clouds
446,Yangambi,CD,0.8102,24.4336,72.0,84,61,1.68,broken clouds
447,Djambala,CG,-2.5447,14.7533,68.5,92,63,3.69,moderate rain
448,Vostok,RU,46.4856,135.8833,10.62,95,45,4.0,scattered clouds
449,Usinsk,RU,65.9939,57.5281,9.77,95,100,9.71,light snow
450,Novo Aripuana,BR,-5.1206,-60.3797,101.84,28,42,2.73,scattered clouds
451,Itaqui,BR,-29.1253,-56.5531,73.17,78,94,3.89,light rain
452,Jalu,LY,29.0331,21.5482,67.48,39,52,7.4,broken clouds
453,Bilma,NE,18.6853,12.9164,73.53,20,2,8.79,clear sky
454,Zyryanka,RU,65.75,150.85,-27.63,97,23,6.67,few clouds
455,Mucuri,BR,-18.0864,-39.5508,82.38,68,79,17.69,broken clouds
456,San Jose,US,37.3394,-121.895,58.75,59,20,13.42,few clouds
457,Bilibino,RU,68.0546,166.4372,-18.17,100,91,3.83,overcast clouds
458,Cairns,AU,-16.9167,145.7667,73.35,90,33,10.36,scattered clouds
459,Kutum,SD,14.2,24.6667,70.86,22,3,13.4,clear sky
460,Zeya,RU,53.75,127.2667,13.24,96,96,3.11,overcast clouds
461,Cururupu,BR,-1.8283,-44.8683,87.44,57,29,7.96,scattered clouds
462,Sabla,NG,12.7525,4.7077,83.97,19,2,9.98,clear sky
463,Noyabrsk,RU,63.1994,75.4507,-4.5,91,61,12.24,broken clouds
464,Sao Jose Do Belmonte,BR,-7.8614,-38.7597,92.93,29,32,6.53,scattered clouds
465,Kailua,US,21.4022,-157.7394,77.14,82,15,5.99,few clouds
466,Kulhudhuffushi,MV,6.6221,73.07,81.79,72,63,9.84,broken clouds
467,Nicoya,CR,10.1483,-85.452,83.52,73,38,3.47,scattered clouds
468,Kaili,ID,-3.4626,120.2147,67.75,95,100,3.09,overcast clouds
469,Araceli,PH,10.5529,119.9913,83.35,81,100,18.79,overcast clouds
470,Kupang,ID,-10.1667,123.5833,79.56,88,99,6.67,overcast clouds
471,Espanola,US,35.9911,-106.0806,53.24,30,1,3.96,clear sky
472,Arandis,NA,-22.4167,14.9667,64.38,47,0,10.56,clear sky
473,Waterloo,CA,43.4668,-80.5164,37.65,87,75,16.11,light rain
474,Lavrentiya,RU,65.5833,-171.0,14.14,75,3,5.55,clear sky
475,Tiarei,PF,-17.5333,-149.3333,78.82,83,100,1.68,overcast clouds
476,Catabola,AO,-12.15,17.2833,70.52,40,94,4.56,overcast clouds
477,Takoradi,GH,4.8845,-1.7554,79.68,78,100,5.75,light rain
478,Trelew,AR,-43.249,-65.3051,74.28,32,100,13.06,overcast clouds
479,Beringovskiy,RU,63.05,179.3167,11.55,93,100,4.05,overcast clouds
480,Salinopolis,BR,-0.6136,-47.3561,84.34,68,53,10.85,broken clouds
481,Florianopolis,BR,-27.6146,-48.5012,78.55,69,40,13.8,scattered clouds
482,Griffith,US,41.5284,-87.4237,37.04,49,40,14.97,scattered clouds
483,Acurenam,GQ,1.0322,10.6488,70.09,93,49,1.68,light rain
484,Monterey,US,36.2505,-121.2516,51.17,51,2,6.87,clear sky
485,Laguna,US,38.421,-121.4238,58.01,57,0,13.8,clear sky
486,Dahanu,IN,19.9667,72.7333,75.99,70,2,5.75,clear sky
487,Alexandria,EG,31.2156,29.9553,71.71,65,5,14.54,clear sky
488,Smithers,CA,54.7804,-127.1743,23.32,80,75,3.44,broken clouds
489,Maues,BR,-3.3836,-57.7186,104.0,25,90,3.85,overcast clouds
490,Wanxian,CN,30.8039,108.3897,53.15,93,100,3.67,overcast clouds
491,Moron,AR,-34.6534,-58.6198,82.02,75,100,8.7,moderate rain
492,Clovis,US,36.8252,-119.7029,60.67,93,100,3.44,mist
493,Nioki,CD,-2.7167,17.6833,72.68,94,97,2.08,light rain
494,Ginda,IN,30.6945,78.4932,51.49,38,100,4.16,overcast clouds
495,Banyo,CM,6.75,11.8167,72.84,48,11,4.81,few clouds
496,Airai,TL,-8.9266,125.4092,62.1,92,100,1.3,overcast clouds
497,Mashhad,IR,36.297,59.6062,46.54,66,0,4.61,clear sky
498,Gornopravdinsk,RU,60.05,69.9,17.06,95,72,8.16,broken clouds
499,Killarney,IE,52.05,-9.5167,50.52,89,100,2.93,overcast clouds
500,Ratnagiri,IN,16.9833,73.3,77.58,59,8,7.05,clear sky
501,Port-Cartier,CA,50.0334,-66.8654,26.82,94,100,14.88,light snow
502,Pahrump,US,36.2083,-115.9839,51.49,37,33,13.0,scattered clouds
503,Duobao,CN,30.67,112.6895,47.32,69,77,9.22,broken clouds
504,Mount Pleasant,US,32.7941,-79.8626,64.31,58,0,11.5,clear sky
505,Qaqortoq,GL,60.7167,-46.0333,32.0,82,98,7.0,overcast clouds
506,La Ronge,CA,55.1001,-105.2842,16.05,86,100,8.05,light snow
507,Anadyr,RU,64.75,177.4833,-8.9,83,100,4.47,fog
508,Nha Trang,VN,12.25,109.1833,78.8,93,40,5.75,scattered clouds
509,Bonthe,SL,7.5264,-12.505,79.97,79,91,5.68,overcast clouds
510,Presidencia Roque Saenz Pena,AR,-26.7852,-60.4388,70.59,86,100,2.04,overcast clouds
511,Ponta Pora,BR,-22.5361,-55.7256,69.71,94,20,0.0,few clouds
512,Helena,US,46.5927,-112.0361,29.25,79,100,3.0,haze
513,Tonj,SS,7.2737,28.6822,80.19,29,100,3.74,overcast clouds
514,Oriximina,BR,-1.7656,-55.8661,96.04,38,65,7.9,broken clouds
515,Lenine,UA,45.2986,35.7771,50.47,79,7,11.86,clear sky
516,Havre,FR,49.5833,0.3333,52.2,93,55,6.91,broken clouds
517,Nome,US,64.5011,-165.4064,23.07,58,0,13.8,clear sky
518,Dharmanagar,IN,24.3667,92.1667,63.34,94,0,1.05,clear sky
519,Ahuimanu,US,21.4447,-157.8378,76.86,85,75,5.99,broken clouds
520,Fredericksburg,US,38.3032,-77.4605,52.92,48,100,14.97,overcast clouds
521,Marawi,PH,7.9986,124.2928,68.34,94,77,1.39,broken clouds
522,Rio Grande,BR,-32.035,-52.0986,73.51,93,100,13.15,moderate rain
523,Gat,IL,31.61,34.7642,74.39,55,0,5.95,clear sky
524,Bandarbeyla,SO,9.4942,50.8122,79.47,73,2,16.33,clear sky
525,Honiara,SB,-9.4333,159.95,77.88,87,99,2.13,overcast clouds
526,Virtsu,EE,58.5716,23.5115,38.05,87,31,5.97,scattered clouds
527,Sulangan,PH,11.1373,123.7228,82.92,77,96,13.18,overcast clouds
528,Rio Gallegos,AR,-51.6226,-69.2181,64.02,35,15,5.1,few clouds
529,Mount Isa,AU,-20.7333,139.5,73.17,94,35,2.3,light rain
530,Qasigiannguit,GL,68.8193,-51.1922,26.85,86,100,3.18,overcast clouds
531,Puerto Leguizamo,CO,-0.1934,-74.7819,91.65,50,42,4.76,scattered clouds
532,Majene,ID,-3.5403,118.9707,78.82,87,100,3.8,moderate rain
533,Hovd,MN,48.0056,91.6419,27.99,45,100,5.64,overcast clouds
534,Klaksvik,FO,62.2266,-6.589,49.12,94,95,13.85,overcast clouds
535,Suksun,RU,57.1431,57.3949,29.64,87,100,17.83,light snow
536,Auki,SB,-8.7676,160.7034,75.67,87,98,3.6,overcast clouds
537,Nuevitas,CU,21.5453,-77.2644,84.63,62,1,6.89,clear sky
538,Muisne,EC,0.6,-80.0333,75.72,77,99,9.28,overcast clouds
539,Alamosa,US,37.4695,-105.87,37.38,32,0,0.0,clear sky
540,Flagstaff,US,35.1981,-111.6513,45.59,39,0,20.71,clear sky
541,De Aar,ZA,-30.6497,24.0123,67.28,31,1,12.82,clear sky
542,Lata,PT,40.1629,-8.3327,62.92,78,98,4.21,light rain
543,Strelka,RU,58.0728,93.0344,33.67,98,100,9.19,light snow
544,Saint-Joseph,RE,-21.3667,55.6167,70.18,84,60,13.62,light rain
545,Prado,BR,-17.3411,-39.2208,81.34,69,69,12.24,broken clouds
546,Cherepanovo,RU,54.2222,83.381,31.93,97,100,19.04,light snow
547,Segezha,RU,63.7415,34.3222,30.04,86,25,8.25,scattered clouds
548,Filingue,NE,14.3521,3.3168,88.14,15,3,7.76,clear sky
549,Evans,US,33.5337,-82.1307,56.5,50,0,5.75,clear sky
550,Taoudenni,ML,22.6783,-3.9836,83.16,13,56,12.06,broken clouds
551,Chaman,PK,30.9236,66.4512,53.26,74,98,5.59,overcast clouds
552,Trinidad,BO,-14.8333,-64.9,93.18,55,75,17.27,broken clouds
553,Bato,PH,13.3528,123.3677,75.92,94,100,3.49,overcast clouds
554,Nyurba,RU,63.2842,118.3319,-26.3,99,19,3.94,few clouds
555,Seoul,KR,37.5683,126.9778,47.64,100,75,3.44,broken clouds
556,Malpe,IN,13.35,74.7167,81.7,84,99,4.94,overcast clouds
557,North Bend,US,43.4065,-124.2243,46.31,76,0,5.75,clear sky
558,Zhumadian,CN,32.9794,114.0294,44.78,73,100,2.75,overcast clouds
559,Puri,IN,19.8,85.85,68.52,56,2,5.7,clear sky
560,Encruzilhada,BR,-15.5314,-40.9094,84.2,46,93,4.12,overcast clouds
561,Talhar,PK,24.8833,68.8167,75.67,54,0,8.63,clear sky
562,San Marco In Lamis,IT,41.7131,15.6399,47.32,80,22,4.34,few clouds
563,Santa Maria,BR,-29.6842,-53.8069,68.25,95,100,6.62,light rain
564,Hachinohe,JP,40.5,141.5,45.09,66,47,18.28,scattered clouds
565,Deputatskiy,RU,69.3,139.9,-24.86,100,99,3.2,overcast clouds
566,San Julian,MX,21.0167,-102.1667,73.92,28,0,7.9,clear sky
567,Kuybyshevo,RU,47.8123,38.9073,48.13,70,43,11.5,scattered clouds
568,Tarbes,FR,43.25,0.1667,60.49,68,0,5.75,clear sky
569,Shu,KZ,43.5983,73.7614,41.32,46,94,4.61,overcast clouds
570,Botou,CN,38.0667,116.5667,40.37,46,95,5.77,overcast clouds
571,Kulevcha,UA,46.0303,29.9361,48.67,80,5,7.52,clear sky
572,Ferkessedougou,CI,9.6,-5.2,78.19,67,87,4.76,light rain
573,Sayyan,YE,15.1718,44.3244,54.93,32,0,5.95,clear sky
574,Ambulu,ID,-8.345,113.6058,76.33,93,92,2.53,overcast clouds
575,Sesheke,ZM,-17.4759,24.2968,75.88,64,100,3.89,overcast clouds
576,Bubaque,GW,11.2833,-15.8333,83.21,61,34,9.1,scattered clouds
577,Teahupoo,PF,-17.8333,-149.2667,73.36,81,100,2.39,overcast clouds
578,Melbu,NO,68.5044,14.8297,44.38,93,75,12.66,drizzle
579,Ondo,NG,7.1,4.8333,77.86,76,55,2.75,broken clouds
580,Werda,BW,-25.2667,23.2833,75.51,33,0,10.33,clear sky
581,Ercis,TR,39.0287,43.3586,40.48,54,2,1.1,clear sky
582,Hobyo,SO,5.3505,48.5268,81.14,72,2,15.21,clear sky
583,Hokitika,NZ,-42.7167,170.9667,54.03,81,0,4.12,clear sky
584,Tessalit,ML,20.1986,1.0114,81.82,14,88,8.5,overcast clouds
585,Anage,BR,-14.6122,-41.1356,87.71,41,95,4.25,overcast clouds
586,Henties Bay,NA,-22.116,14.2845,60.35,86,0,10.36,clear sky
587,Dunstable,GB,51.886,-0.521,54.36,100,75,8.05,mist
588,El Vigia,VE,8.6219,-71.6506,83.25,76,73,4.21,broken clouds
589,Egvekinot,RU,66.3167,-179.1667,-3.14,84,70,3.58,broken clouds
590,Cortez,US,37.3489,-108.5859,45.36,36,20,12.66,few clouds
591,Kaeo,NZ,-35.1,173.7833,54.43,91,19,5.1,few clouds
592,Moussoro,TD,13.6408,16.4901,84.07,18,53,11.34,broken clouds
593,Namibe,AO,-15.1961,12.1522,68.95,69,8,9.82,clear sky
594,North Myrtle Beach,US,33.816,-78.68,63.1,57,0,11.5,clear sky
595,Maturin,VE,9.75,-63.1767,89.44,89,96,6.91,overcast clouds
596,Tanete,ID,-3.9443,119.7848,75.61,94,100,0.94,overcast clouds
597,Jiamusi,CN,46.8333,130.35,23.92,45,47,4.56,scattered clouds
598,Walvis Bay,NA,-22.9575,14.5053,65.35,72,0,9.22,clear sky
599,Evensk,RU,61.95,159.2333,10.98,86,93,3.89,overcast clouds
600,Sambava,MG,-14.2667,50.1667,75.18,82,29,7.43,light rain
601,Dobric,RS,44.7019,19.5814,50.81,62,16,5.12,few clouds
602,Tadepallegudem,IN,16.8333,81.5,73.45,79,4,5.57,clear sky
603,Pandan,PH,14.0453,124.1694,80.49,85,65,11.86,broken clouds
604,Doctor Juan Manuel Frutos,PY,-25.3667,-55.8,67.53,95,100,7.34,light rain
605,Krasnoborsk,RU,61.5598,45.934,25.11,77,100,14.83,overcast clouds
606,Monte Alegre,BR,-2.0078,-54.0692,94.26,41,85,6.11,overcast clouds
607,San Rafael Del Sur,NI,11.8485,-86.4384,86.97,69,20,2.77,few clouds
608,Paamiut,GL,61.994,-49.6678,32.02,78,88,16.33,overcast clouds
609,Ancud,CL,-41.8697,-73.8203,55.65,79,56,15.93,broken clouds
610,Isla Mujeres,MX,21.2311,-86.731,86.16,62,0,9.78,clear sky
611,Aventura,US,25.9565,-80.1392,87.03,60,0,10.0,clear sky
612,Zhigansk,RU,66.7697,123.3711,-9.53,97,100,7.81,overcast clouds
613,Zabol,AF,32.25,67.25,44.42,91,100,21.21,overcast clouds
614,Yar-Sale,RU,66.8333,70.8333,-0.45,89,100,9.44,overcast clouds
615,Tilichiki,RU,60.4667,166.1,18.77,92,100,6.17,overcast clouds
616,Teguldet,RU,57.3064,88.1667,32.74,97,100,11.32,light snow
617,Prabumulih,ID,-3.45,104.25,73.47,97,100,2.06,overcast clouds
618,Naze,JP,28.3667,129.4833,68.92,81,69,12.01,broken clouds
619,Ulaangom,MN,49.9811,92.0667,18.7,93,100,0.87,overcast clouds
620,Porrentruy,CH,47.4153,7.0752,46.13,80,0,2.91,clear sky
621,Nantucket,US,41.2835,-70.0995,59.14,94,100,19.06,moderate rain
622,Birao,CF,10.2849,22.7882,77.95,26,0,5.99,clear sky
623,Salta,AR,-24.7859,-65.4117,81.19,46,40,20.71,scattered clouds
624,Hami,CN,42.8,93.45,34.25,46,1,3.91,clear sky
625,Poso,ID,-1.3959,120.7524,77.58,86,100,4.34,overcast clouds
626,Kurilsk,RU,45.2333,147.8833,45.48,93,98,23.49,overcast clouds
627,Hay River,CA,60.8156,-115.7999,26.58,74,20,11.5,few clouds
628,Dhidhdhoo,MV,6.8833,73.1,82.2,69,77,9.48,broken clouds
629,Saint-Raphael,HT,19.4333,-72.2,83.28,57,88,5.97,overcast clouds
630,Colac,AU,-38.3333,143.5833,56.17,95,100,9.86,moderate rain
631,Tommot,RU,58.9564,126.2925,21.11,91,100,8.08,light snow
632,Jablanica,BA,43.6603,17.7617,51.93,79,100,1.21,overcast clouds
633,Dingle,PH,10.9995,122.6711,76.3,94,93,7.09,overcast clouds
634,Cotonou,BJ,6.3654,2.4183,80.65,80,46,8.01,light rain
635,Sal Rei,CV,16.1833,-22.9167,79.0,69,75,19.57,broken clouds
636,Brattleboro,US,42.8509,-72.5579,49.33,91,100,4.0,overcast clouds
637,Puerto Madero,MX,14.7208,-92.4215,88.0,74,40,5.75,scattered clouds
638,Butembo,CD,0.15,29.2833,57.81,98,98,1.57,light rain
639,Muroto,JP,33.2833,134.15,65.37,75,66,6.98,broken clouds
640,Katobu,ID,-4.9408,122.5276,76.14,92,86,1.99,overcast clouds
641,Zandvoort,NL,52.3749,4.5341,51.89,82,0,4.61,clear sky
642,Kimamba,TZ,-6.7833,37.1333,77.72,64,10,10.78,clear sky
643,Lorengau,PG,-2.0226,147.2712,80.64,82,99,7.52,overcast clouds
644,Portel,BR,-1.9356,-50.8211,89.98,52,60,4.7,broken clouds
645,Greytown,ZA,-29.0642,30.5928,53.49,94,100,6.55,light rain
646,Raga,SS,8.4596,25.678,78.78,24,88,4.59,overcast clouds
647,Nuuk,GL,64.1835,-51.7216,30.81,69,75,5.75,broken clouds
648,Amapa,BR,1.0,-52.0,81.75,72,94,2.91,overcast clouds
649,Oranjestad,AW,12.524,-70.027,84.15,81,40,14.97,scattered clouds
650,Araouane,ML,18.9048,-3.5265,85.08,14,100,8.86,overcast clouds
651,Fountain Hills,US,33.6117,-111.7174,66.36,33,0,5.75,clear sky
652,Tucuman,AR,-26.8241,-65.2226,69.8,73,75,5.75,broken clouds
653,Geilo,NO,60.5333,8.2076,40.69,90,32,3.51,scattered clouds
654,Port Angeles,US,48.1181,-123.4307,45.7,74,100,5.75,overcast clouds
655,Novyy Chirkey,RU,43.162,47.0559,56.75,45,28,20.6,scattered clouds
656,Vanavara,RU,60.34,102.2797,5.07,93,100,9.51,light snow
657,Repalle,IN,16.0167,80.85,74.77,81,70,5.53,broken clouds
658,San Vicente,AR,-26.6167,-54.1333,68.77,77,100,6.87,overcast clouds
659,Tagusao,PH,9.1924,117.8141,79.3,81,41,3.56,scattered clouds
660,San Pedro,PH,14.35,121.0167,79.83,87,20,3.44,few clouds
661,Albacete,ES,38.8333,-2.0,59.18,82,20,4.61,few clouds
662,Monywa,MM,22.1167,95.1333,70.29,72,0,6.42,clear sky
663,Chernyshevskiy,RU,63.0128,112.4714,-29.38,98,7,2.91,clear sky
664,Arys,KZ,42.4252,68.795,44.02,58,90,9.64,overcast clouds
665,Belen,TR,36.4891,36.2233,51.94,55,0,2.3,clear sky
666,Garowe,SO,8.4054,48.4845,75.79,64,0,19.48,clear sky
667,Foam Lake,CA,51.65,-103.5343,14.02,84,95,6.8,overcast clouds
668,Sancti Spiritus,CU,21.9297,-79.4425,87.91,53,0,1.28,clear sky
669,Midyat,TR,37.4247,41.3393,51.87,43,0,4.29,clear sky
670,Aswan,EG,24.0934,32.907,76.93,34,0,14.7,clear sky
671,Borogontsy,RU,62.6683,131.1683,-25.4,100,48,2.93,scattered clouds
672,Ucluelet,CA,48.9329,-125.5528,46.09,87,59,2.44,broken clouds
673,Sungairaya,ID,0.7,108.9,78.26,88,100,1.28,overcast clouds
674,Birjand,IR,32.8663,59.2211,45.07,53,0,4.61,clear sky
675,Gra Liyia,GR,35.0167,25.6833,64.13,63,2,8.01,clear sky
676,Anahuac,MX,27.2333,-100.15,59.34,31,0,9.22,clear sky
677,Kalengwa,ZM,-13.4659,25.0027,65.34,95,100,2.82,moderate rain
678,Kloulklubed,PW,7.0419,134.2556,77.5,77,100,11.16,overcast clouds
679,Jumla,NP,29.2747,82.1838,41.77,48,24,4.18,few clouds
680,Vytegra,RU,61.0064,36.4481,32.95,72,91,13.73,overcast clouds
681,Santo Augusto,BR,-27.8508,-53.7772,70.68,78,100,17.07,overcast clouds
682,Parkes,AU,-33.1333,148.1833,57.34,94,95,3.47,overcast clouds
683,Sao Gabriel,BR,-30.3364,-54.32,67.33,97,100,6.31,light rain
684,Taltal,CL,-25.4,-70.4833,67.71,57,5,7.25,clear sky
685,Ponta Delgada,PT,37.7333,-25.6667,64.51,72,40,10.36,scattered clouds
686,Nurota,UZ,40.5614,65.6886,42.6,44,9,13.58,clear sky
687,Konevo,RU,62.1215,39.3192,28.78,67,82,11.88,broken clouds
688,Helmsdale,GB,58.1168,-3.6517,55.35,91,44,7.14,scattered clouds
689,Cap Malheureux,MU,-19.9842,57.6142,72.46,69,56,1.01,broken clouds
690,Jiuquan,CN,39.7432,98.5174,30.43,45,55,3.13,broken clouds
691,Galesong,ID,-5.3166,119.3661,77.02,79,100,3.71,overcast clouds
692,Aqtobe,KZ,50.2797,57.2072,41.09,93,75,20.13,broken clouds
